particle_id,impact_parameter,scattering_angle_sim,scattering_angle_theory,initial_energy,final_energy,relative_energy_error,final_x,final_y,final_vx,final_vy
1,7.041995320606416,0.2805681993087746,0.28212411524493736,0.5049969035226975,0.5049969035226971,8.793899660616486e-16,190.2367188494169,62.14899405275782,0.9608984329388062,0.2769017253451954
2,5.313050021804174,0.37014271919571207,0.3720787145428878,0.5049982366519743,0.5049982366519545,3.913275018412983e-14,184.54062734065175,77.30582278609359,0.9322759131779027,0.36174856166951486
3,7.415228748619333,0.26659964414376214,0.26809776078781045,0.5049965669379272,0.5049965669379217,1.0772534264241739e-14,190.98747713118888,59.84560848695003,0.9646724687734414,0.2634527817819938
4,-6.686345178984888,-0.29529882820167397,-0.2969163412037958,0.5049972081393471,0.5049972081393445,5.276336613657344e-15,189.40440563720128,-64.60428681633798,0.9567153995302263,-0.2910258117198049
5,2.500761069722107,0.7573168341814523,0.7608028590417706,0.5049996091829557,0.504999609182955,1.5389241953968613e-15,143.62235029280333,139.215795458267,0.7266819880427228,0.6869742051964179
6,7.902273401803002,0.2503218448362865,0.25175356683983674,0.5049961016934748,0.5049961016934743,8.793913623507896e-16,191.8183456209691,57.20151799115926,0.9688329781323479,0.2477158452880973
7,-6.983742263420451,-0.28288035228337116,-0.2844459021834762,0.5049969544937938,0.504996954493786,1.5389322852780897e-14,190.1030170288793,-62.531074315441586,0.9602554822585673,-0.2791226856301821
8,7.0965906928190385,0.278434984301391,0.27998203568950625,0.5049968553691343,0.5049968553691244,1.9566428610612345e-14,190.34892778233112,61.79412158875922,0.9614868140705142,0.274851258745567
9,2.9012487109977405,0.660722401285273,0.6638536363328943,0.5049994740052576,0.5049994740052572,6.595391174290201e-16,156.13151823823975,125.0298306630079,0.7895491628832703,0.6136874252270529
10,5.381645058979866,0.36552658739788585,0.367442818782571,0.5049981908509088,0.504998190850903,1.1432040416468008e-14,184.86574987506785,76.51519497695487,0.9339357225427295,0.3574411641527755
11,4.887573431144237,0.4015598635498573,0.40363036995246215,0.5049985076450252,0.5049985076450301,9.673258899577683e-15,182.1892359239608,82.67355255113193,0.9204526609844904,0.3908546937279335
12,-7.702679276660711,-0.2567479302718348,-0.25820573102200517,0.5049962959158887,0.5049962959158776,2.1984775603385286e-14,191.4883926394548,-58.237531392763984,0.9672209153212038,-0.25393643172226776
13,6.426227618528802,0.30708117843546684,0.3087483402702948,0.5049974209717015,0.5049974209716998,3.5175562599552205e-15,188.70279500380843,66.58155488144405,0.9532199564670686,0.3022776595647091
14,-7.259549080074836,-0.27225481408232716,-0.2737762504737724,0.5049967094353944,0.5049967094354039,1.8687043960869845e-14,190.68697454758652,-60.77452246593499,0.9631671590896586,-0.26890392062764734
15,5.340192428671682,0.3683024627408338,0.37023057730228187,0.5049982185990208,0.5049982185990156,1.0332805193282226e-14,184.67250997983223,76.99129834864979,0.932940036958434,0.36003232048699024
16,3.838810820264464,0.5071506600147052,0.5096676978390349,0.5049990792251282,0.5049990792251292,1.97861889905981e-15,172.9694246412681,100.49749896362904,0.8741321333466203,0.4856886268717409
17,-5.966974121969985,-0.33032634263118055,-0.3320921490524887,0.5049977761857245,0.504997776185726,3.0778595625014897e-15,187.2607250710755,-70.51774890406018,0.9459367641508665,-0.32435182053517275
18,-2.078064021304728,-0.8930842453210075,-0.8970174371391021,0.5049997301249716,0.5049997301249647,1.3630468180591996e-14,123.78945620645761,-157.11205892749786,0.6270125021735078,-0.7790094901752102
19,-7.280898791669,-0.27146522928133304,-0.27298340682491423,0.5049966900716402,0.5049966900716367,6.815275117644311e-15,190.7249960310717,-60.64334497604119,0.9633790769682308,-0.26814330570117473
20,-6.365422644572129,-0.30997095361244903,-0.3116503319738502,0.5049974695094716,0.5049974695094811,1.8906863080028303e-14,188.52982425966732,-67.06921388872368,0.9523425049482277,-0.30503099836297703
21,-6.96979866498614,-0.2834394169643746,-0.28500729202440583,0.5049969666317919,0.5049969666317862,1.1432068130144223e-14,190.07783543808193,-62.62567683615614,0.9600994319720542,-0.27965952984344067
22,-4.780275145666733,-0.41033026651595017,-0.41243826935445815,0.504998572422222,0.5049985724222138,1.626866060792974e-14,181.49822301372626,-84.1690785475523,0.9169893080132032,-0.398912279941645
23,-7.882385365812501,-0.25094779488146407,-0.2523820523405818,0.5049961212681002,0.5049961212681042,7.914521954374929e-15,191.78272570539318,-57.3011025044592,0.9686776129970599,-0.2483222076187683
24,-7.562173727460253,-0.2614715264577185,-0.2629486056198265,0.5049964296733461,0.5049964296733452,1.7587815824255194e-15,191.25180290465775,-59.006816144624345,0.9660107437882147,-0.25850237160707645
25,7.062007358991657,0.27978251058206866,0.2813351622909977,0.5049968859149294,0.5049968859149362,1.341069745003202e-14,190.27560442997896,62.0174902669746,0.9611155861290572,0.27614664163918584
26,-3.5578388982025215,-0.5453258516609718,-0.5480003488437085,0.504999209049119,0.5049992090491261,1.4070175220630671e-14,169.15398483875177,-106.78585281622186,0.8549585118916971,-0.5186968252641381
27,-5.4775417832818425,-0.35926062494312616,-0.3611500289901143,0.5049981258377729,0.5049981258377656,1.4509899319665856e-14,185.31121852072675,-75.4463800553886,0.9361571709086933,-0.351582210967907
28,-1.744273507491252,-1.0367874297943176,-1.0411183945057845,0.5049998098552178,0.5049998098552272,1.8686929232744396e-14,100.30055615903353,-173.049865441743,0.5089882829628495,-0.8607736953498097
29,3.175839277939955,0.6071752965336533,0.6100985667472691,0.5049993697469908,0.5049993697469914,1.3190785071847377e-15,162.4434862337212,116.72017961760083,0.821262998292874,0.570549965067509
30,-6.617731542545865,-0.298318881324263,-0.2999490905228354,0.5049972650973723,0.5049972650973793,1.3850382048682665e-14,189.2287704399086,-65.1104718907875,0.9558321287434877,-0.29391381278345613
31,6.908587948280267,0.2859197565998079,0.28749798818160627,0.5049970196301857,0.5049970196301854,6.595423229060938e-16,189.93248724507043,63.036248806256644,0.9594026617183001,0.2820399907260699
32,-7.86948190433658,-0.2513555789425526,-0.2527914891843764,0.5049961339419584,0.5049961339419685,2.000615221591006e-14,191.75948713719626,-57.366019166318466,0.9685761941708315,-0.248717178620651
33,-4.584906387409364,-0.4273074396016065,-0.42948788783435565,0.504998686682211,0.5049986866822211,2.0006051085924165e-14,180.12546698637863,-87.06092599180575,0.9100851172901456,-0.4144219465694756
34,-4.88536654302652,-0.4017365271662739,-0.4038077897358451,0.5049985089918057,0.5049985089917928,2.5502227939965642e-14,182.17470538065322,-82.70337280535075,0.920383577207572,-0.39101728979251626
35,-5.494013375378035,-0.358205655829231,-0.36009054767995585,0.5049981145555711,0.5049981145555628,1.6488522322537086e-14,185.38092227145987,-75.26476535288809,0.9365274580860257,-0.35059436110061154
36,3.5112389752939364,0.5522053127584542,0.5549078907990032,0.504999229628132,0.50499922962813,3.95723661954267e-15,168.4363555998166,107.90520724698855,0.8513698680388103,0.524566105486138
37,-2.9210436431413203,-0.6565598111468861,-0.6596751488990973,0.5049994668043036,0.5049994668042976,1.1871704283004905e-14,156.64010499283577,-124.39573138886901,0.7920968837954979,-0.6103955787811743
38,-5.529574038468359,-0.35594882964583974,-0.35782406242803994,0.504998090083077,0.5049980900830765,8.793878998176127e-16,185.54006070653384,-74.88032963445475,0.9373163564757658,-0.34847991026838143
39,3.8360749473900873,0.5074971618184471,0.510015641214227,0.5049990805367484,0.5049990805367508,4.836623962917505e-15,172.93477202940502,100.55439715282647,0.8739637601770339,0.4859914701037591
40,6.553673943751706,0.30119417257803605,0.3028364873102507,0.5049973177447578,0.5049973177447609,6.155724713218456e-15,189.06103623097354,65.59350584980227,0.9549831223692484,0.29666089955900565
41,5.302681852431945,0.37085048130318027,0.3727895102666919,0.5049982435238195,0.5049982435238087,2.1325150091053858e-14,184.4861653281565,77.42540639819259,0.9320195613963534,0.36240826698749395
42,7.302960700886123,0.27065407268729635,0.2721688952674298,0.5049966700024343,0.5049966700024234,2.1545064131361672e-14,190.77384634473745,60.51143430230909,0.9635964064281172,0.26736180518403285
43,6.700141808398042,0.29469886290638864,0.2963138612299704,0.5049971966156871,0.5049971966156863,1.5389315474339967e-15,189.43334670019303,64.50208821520502,0.9568896885262138,0.2904517195708955
44,-4.490364505037995,-0.43602903253572695,-0.4382466160130242,0.5049987402654026,0.5049987402654016,1.978620227126725e-15,179.39098107622206,-88.53903036447949,0.906435924044044,-0.42234338004518207
45,7.301134318648306,0.2707210412147317,0.2722361406908553,0.5049966716661478,0.504996671666149,2.4183235169815827e-15,190.76981733680745,60.52232128537179,0.963578487849824,0.2674263319998876
46,-7.180092463918632,-0.27523383215896136,-0.27676759929749173,0.5049967810032656,0.5049967810032548,2.1325211850794706e-14,190.5255109159184,-61.26551757221962,0.9623617877795756,-0.27177200736637613
47,-4.995172335683087,-0.3931283900321496,-0.39516282357785393,0.5049984412450518,0.5049984412450446,1.4290043435127588e-14,182.83043371642452,-81.23051667239145,0.9237151819886351,-0.3830800361389419
48,4.316354552808778,0.45303130996227337,0.4553210620585538,0.5049988359743238,0.5049988359743172,1.319079901421719e-14,177.941324801643,91.42231386779729,0.8991245936963644,0.43769313477448935
49,6.615065258816778,0.2984374740887811,0.30006818291582493,0.5049972672989066,0.5049972672988984,1.626870265292611e-14,189.2210913665535,65.13013663942574,0.9557972475016223,0.29402715980944083
50,3.0264204648550574,0.6352254473734172,0.6382585809315925,0.5049994276469895,0.5049994276469987,1.8247250590609126e-14,159.19785294942136,121.11231597461058,0.8049380960774616,0.5933591114277855
51,-3.604739644938058,-0.5385686693855968,-0.5412154974161513,0.5049991880635708,0.5049991880635638,1.3850329308367144e-14,169.84242568103076,-105.67757009891228,0.8584437656780673,-0.5129078393056047
52,0.8481419083069774,1.7298331303077643,1.734763940184901,0.5049999550415628,0.5049999550415653,4.836615587370342e-15,-32.5113867689868,197.34485825780007,-0.15836725151683748,0.9873803581395157
53,-7.10045273667541,-0.27828530079800545,-0.27983172946297463,0.5049968519487492,0.5049968519487474,3.5175602234853696e-15,190.35812194081754,-61.76962995960734,0.9615279691403411,-0.2747073441352515
54,6.529490187429801,0.3022940101258578,0.30394096626481654,0.5049973374880702,0.5049973374880692,1.978625723321255e-15,188.98920121385214,65.77620280178255,0.9546560968803537,0.29771099346180835
55,6.72341378225592,0.2936923199084393,0.2953030872581913,0.5049971771240839,0.5049971771240833,1.09923686202345e-15,189.49781831410218,64.3355867838927,0.9571817151186586,0.2894884701405209
56,7.0725862121044845,0.2793689413364799,0.28091987093266674,0.5049968765869194,0.5049968765869169,4.8366450713184685e-15,190.3010906874465,61.94975595711953,0.9612297788305418,0.27574915002116546
57,5.431931580070682,0.36221414291133136,0.3641161937334134,0.504998156902061,0.5049981569020566,8.57403088874608e-15,185.09820979933932,75.9486246846999,0.9351145467781687,0.35434557817437295
58,6.042123074052445,0.3262872647294081,0.3280358804862051,0.5049977198574613,0.5049977198574674,1.2091592487114359e-14,187.51419982328076,69.8300589894337,0.9472389835910471,0.3205284244278229
59,-3.026889266332378,-0.6351335263039697,-0.6381663029856168,0.5049994274696878,0.5049994274696872,1.3190783564107665e-15,159.20892850089632,-121.0982224902092,0.8049926404177363,-0.5932851222312171
60,-2.747961460413575,-0.6947590712662974,-0.6980184743401349,0.5049995281110504,0.5049995281110475,5.716005071970368e-15,151.8882239209876,-130.15597746374016,0.7682081136095446,-0.6402004971273865
61,-6.546807528417387,-0.30150563895711113,-0.3031492678541193,0.5049973233578083,0.5049973233578131,9.453434275939034e-15,189.04071337319377,-65.64523460622974,0.9548906281730657,-0.29695831537871176
62,5.502943134507634,0.3576362834483287,0.35951873649573696,0.5049981084250121,0.5049981084250046,1.4949593753918194e-14,185.42351677710263,75.16864924106393,0.936726997349632,0.35006109846319783
63,-6.023603721044055,-0.3272735335181537,-0.3290263431508128,0.5049977338040131,0.5049977338040174,8.35419094219719e-15,187.4550975773965,-69.99875366789153,0.9469224932884952,-0.3214625337375118
64,-7.0013339557738306,-0.2821781412458423,-0.2837407609403795,0.5049969391456223,0.5049969391456277,1.0772526324351734e-14,190.1466337653958,-62.41581022664067,0.9604513645967555,-0.2784483485210718
65,6.380696897678001,0.30923998954404075,0.3109162722905588,0.5049974573600151,0.5049974573600142,1.7587780032463383e-15,188.5785305474731,66.94733575891829,0.9525653265249932,0.30433482370913406
66,5.9616010258945735,0.33061892585349345,0.33238597987375434,0.504997780186223,0.5049977801862225,8.793884394626453e-16,187.240199245509,70.56689404512542,0.9458417830794453,0.3246285579114635
67,5.991615516496374,0.32899106583495247,0.33075118719734714,0.5049977577931187,0.5049977577931085,2.0225935004518986e-14,187.34475378286885,70.29027733310114,0.9463689701760256,0.3230884272679995
68,4.430216558080601,0.44176228310780324,0.44400423378506126,0.5049987737750639,0.5049987737750639,0.0,178.91040346887456,89.51370774519687,0.903999746217673,0.4275332850606874
69,1.4881656338278133,1.1786893218755357,1.1833278578575377,0.5049998615909377,0.5049998615909372,8.793848149799807e-16,75.0528953789467,185.39191887379667,0.38213637886306523,0.9241059997071902
70,-5.3000692036579204,-0.3710292502827826,-0.3729690454942561,0.5049982452533255,0.5049982452533254,2.1984690740226795e-16,184.4723957941932,-77.45561134207885,0.9319547373576709,-0.36257486890421803
71,3.7322610964728855,0.5209961491317142,0.5235706037083565,0.5049991296165173,0.5049991296165207,6.815242194479648e-15,171.61290352551114,102.78931416297068,0.8673239288523429,0.49774445250088234
72,5.1277383940140275,0.3832087916365219,0.38520075279338206,0.5049983574534276,0.5049983574534327,1.0112955493616045e-14,183.57726646112923,79.5357486442467,0.9274696649284334,0.3738984519928641
73,7.392864527424102,0.26739765624931494,0.26889906166596517,0.5049965875936666,0.504996587593675,1.6708419808056958e-14,190.9399493221567,59.97489214962014,0.9644617829614185,0.2642224797231822
74,-3.8940521598863405,-0.5002519635480622,-0.5027402731536134,0.5049990525417322,0.5049990525417323,2.1984655595634208e-16,173.62892878827859,-99.348587813751,0.8774618449688755,-0.4796467016148742
75,1.9916826510962933,0.9265999817666511,0.9306332599376606,0.504999752093452,0.5049997520934593,1.4290006341880515e-14,118.5197708173787,161.11408375323296,0.6005560708548986,0.799582700789673
76,4.264765306133771,0.45832511040622054,0.4606372707867978,0.504998863623578,0.5049988636235798,3.5175462112016395e-15,177.47548618772234,92.31566347992678,0.8967948907650447,0.44244673857206623
77,4.355066251806749,0.4491371506525585,0.4514104013833973,0.5049988150087659,0.5049988150087641,3.5175465498258964e-15,178.276198953286,90.76212667102243,0.9008221443584032,0.4341884546393921
78,-6.515149868870213,-0.30294995903550487,-0.30459967632806745,0.5049973491609621,0.5049973491609774,3.0338927056315585e-14,188.95580823409986,-65.88819156152427,0.9544607459614569,-0.29833717801970294
79,5.9800334206220365,0.3296173440702818,0.3313801351365006,0.5049977664475369,0.504997766447538,2.198471158466985e-15,187.30094242635505,70.39543736889011,0.9461663539160908,0.3236810242471986
80,7.086854791127998,0.27881304280313246,0.2803616584453745,0.5049968639834224,0.5049968639834231,1.5389325611002634e-15,190.33530401782957,61.85874346775648,0.9613830119577529,0.27521478787203174
81,6.52686664456008,0.30241380323068334,0.3040612650541532,0.5049973396255228,0.5049973396255154,1.4729769211268542e-14,188.98136492907142,65.79610772359123,0.9546204079183467,0.2978253468065423
82,-5.11440733778651,-0.3841839309972732,-0.38618006498984764,0.5049983659787058,0.504998365978709,6.1557119356729146e-15,183.50931417888552,-79.70426306827811,0.9271047382224228,-0.37480273367646544
83,7.221066370174125,0.2736895940106922,0.27521696514693234,0.5049967441953722,0.5049967441953657,1.2971006091782345e-14,190.60974690516917,61.01093744538284,0.9627803440382039,0.2702855746365136
84,3.3006853294605536,0.5855167443131029,0.5883538738508657,0.5049993192313312,0.5049993192313387,1.4729711470325977e-14,164.863656833946,113.27848793697628,0.8334266884007511,0.5526301641523411
85,-1.3030328707609817,-1.3043050461309884,-1.3091396311374286,0.5049998938849618,0.504999893884946,3.121815893543238e-14,51.41497838025005,-193.2920208679373,0.2633482595371715,-0.9647010651332903
86,2.447560239186599,0.772206879860894,0.7757450325106136,0.5049996256326043,0.504999625632611,1.3410624694483361e-14,141.57323617565598,141.30318986798795,0.7163727961295738,0.6977180409015549
87,-6.8044403590981455,-0.290240342909008,-0.2918366440106595,0.5049971087342228,0.5049971087342228,0.0,189.6889115482584,-63.75670821211968,0.9581751511739142,-0.2861825329025126
88,5.449281918613309,0.3610849766098874,0.36298218948939537,0.5049981451156004,0.5049981451156046,8.354184137864206e-15,185.18339809985216,75.75794427234322,0.9355142074003455,0.3532895062025503
89,-3.245161924063592,-0.5949610317577336,-0.5978358590851903,0.504999341937692,0.5049993419376874,9.233550058766178e-15,163.81712845737204,-114.78412720483392,0.8281703876634926,-0.5604765146684461
90,5.673764571502718,0.34707888496043593,0.3489161856837046,0.5049979892383236,0.5049979892383207,5.7160224902660825e-15,186.14701475116414,73.36695121861669,0.9403704197203125,0.34015235873747307
91,3.1559303775534224,0.6107734262575619,0.6137108992600256,0.5049993776226911,0.5049993776226913,4.3969282887103146e-16,162.0328394550565,117.28687841462396,0.8192047477067631,0.5735012579915129
92,6.681348958945766,0.29551669016299287,0.2971351195593697,0.5049972123066102,0.504997212306616,1.1432062568586274e-14,189.3904068459601,64.64035145149847,0.9566519390703617,0.29123422626247925
93,5.356534567035339,0.36720315280324883,0.3691265625806264,0.5049982076852679,0.5049982076852674,1.0992346187860981e-15,184.74725615427442,76.8019878579459,0.9333351625658575,0.3590064753132574
94,4.953796843195203,0.3963289377039926,0.398377066814087,0.5049984669489144,0.5049984669489183,7.69463838111242e-15,182.58942498050737,81.77873586370237,0.9224844854539024,0.3860345046742317
95,-4.412640443450738,-0.44346570768841115,-0.44571489131113423,0.5049987834818888,0.504998783481888,1.5389267116234181e-15,178.76751324593187,-89.80355802435999,0.9032702219596966,-0.429072586809781
96,-6.3584994543782996,-0.31030339797674156,-0.3119841845363327,0.504997475006759,0.50499747500676,1.9786251845106105e-15,188.5076431453796,-67.12465621998304,0.9522409968696345,-0.3053475664892725
97,4.828618220855594,0.4063325061529812,0.40842342324567077,0.5049985434146195,0.5049985434146322,2.528237942402684e-14,181.8132168875624,83.4868259328252,0.918576708409173,0.39524318842281053
98,2.416129623261434,0.7812678224607676,0.7848373420882098,0.5049996351847836,0.5049996351847856,3.957233441552982e-15,140.30795344434168,142.55657168990317,0.71002146034825,0.7041802917425996
99,-2.787987851512781,-0.6855508846105212,-0.6887759393978835,0.5049995142660242,0.5049995142660252,1.9786171945430443e-15,153.05122586405864,-128.77982028336137,0.7740704552486382,-0.6330995764001992
100,-7.8467175376096945,-0.25207821995676194,-0.25351705126356505,0.5049961562508626,0.504996156250861,3.077869435709322e-15,191.72792529918723,-57.48363022571442,0.9683963144328622,-0.24941707390079873
101,7.627058347266654,0.2592689465993323,0.26073702567295337,0.5049963682096166,0.5049963682096109,1.1212233952617315e-14,191.36127684889124,58.64724233053702,0.9665776875385048,0.2563740080174886
102,6.6974868257007625,0.2948141290439485,0.2964296120361642,0.5049971988351057,0.5049971988351258,3.979237269448076e-14,189.425952954155,64.52116135751136,0.9568561847281414,0.29056200909490104
103,-4.147193031804087,-0.4708554967142958,-0.4732205586436954,0.5049989253959039,0.5049989253958945,1.8467115349879433e-14,176.35629780192397,-94.42646388892791,0.8911805583105769,-0.4536488731799139
104,-7.876229685320089,-0.2511421670082605,-0.2525772121734304,0.504996127316825,0.5049961273168208,8.354217518442019e-15,191.77165223060214,-57.33204131820997,0.9686292913253618,-0.24851047750095534
105,-7.063665488103142,-0.27971760752843905,-0.28126998894508654,0.5049968844537767,0.5049968844537658,2.1545054982061812e-14,190.27960593636158,-62.006859097380996,0.961133517707869,-0.27608426483576776
106,6.778771980151418,0.29132515719406177,0.29292600074665576,0.5049971304877743,0.5049971304877793,9.89313267183833e-15,189.62962474887402,63.93864516342423,0.9578641978284708,0.28722182597618456
107,-5.375573993692815,-0.3659305482101106,-0.3678485107690764,0.5049981949282208,0.5049981949282093,2.286408064833339e-14,184.83499363677768,-76.58343040583938,0.9337912040707761,-0.3578183892321557
108,4.195878879046544,0.46558611389701343,0.4679289530713073,0.5049989000256166,0.5049989000256202,7.035091915289886e-15,176.8311074354754,93.5401498524611,0.8935586631011433,0.44894664474330515
109,-2.5288186643738575,-0.7496820249383822,-0.7531410437867445,0.5049996003651777,0.5049996003651706,1.4070164317878454e-14,144.66118874068516,-138.1350727906731,0.7319056566290799,-0.6814061418138149
110,-7.602032805748072,-0.260114092391009,-0.2615856202142316,0.5049963919776846,0.5049963919776738,2.1545075992953472e-14,191.321613390864,-58.785705683114955,0.9663607571027198,-0.25719083888592664
111,5.413477484657409,0.36342283057808955,0.3653300536336153,0.5049981693971682,0.5049981693971654,5.716020451066596e-15,185.01613189399598,76.15629910652864,0.9346856529760446,0.35547561177881437
112,3.62638449501648,0.5355049850695733,0.5381392369674945,0.5049991782860769,0.5049991782860795,5.2763160291539006e-15,170.15516771621355,105.17583366319317,0.860011142711166,0.5102754477846648
113,4.444629882184128,0.44037495575044333,0.44261101454635,0.5049987657862112,0.5049987657862072,7.9144805085377e-15,179.0247308449507,89.27678432010025,0.9045919162404182,0.4262786887684936
114,6.0971507706506545,0.3233911211397649,0.3251274215718908,0.5049976781653068,0.504997678165299,1.560914795386111e-14,187.69565538331952,69.33803368636536,0.9481632434562355,0.3177837229235769
115,3.3940042593338067,0.5702832736952163,0.573059171240455,0.5049992802014058,0.504999280201396,1.9566334659374404e-14,166.5200710393197,110.83278124098749,0.841748147243644,0.5398705600053461
116,7.4066970108739385,0.26690352008529294,0.2684028887833762,0.504996574825226,0.5049965748252125,2.6601563788058676e-14,190.96939109154962,59.89482737707867,0.9645923138454149,0.2637458957598502
117,6.971773090612936,0.2833601210399832,0.2849276650116825,0.5049969649145098,0.5049969649145165,1.3190847887330623e-14,190.08277229974914,62.61265227612822,0.9601216178766131,0.27958340079596333
118,-6.790858814750327,-0.2908133396862125,-0.29241203571372326,0.5049971202545769,0.5049971202545669,1.9786265744623025e-14,189.66214144588952,-63.854142130712994,0.9580111594272814,-0.28673156122538146
119,-5.272184678637772,-0.3729478940983615,-0.3748959066130622,0.5049982636591774,0.504998263659178,1.0992344969471463e-15,184.33358838515787,-77.78343055980561,0.9312573699458692,-0.3643622894679218
120,6.343574591252218,0.3110224901802146,0.3127063154284976,0.5049974868374043,0.5049974868373974,1.36305287295266e-14,188.46912230416478,67.24766449195393,0.9520213081566913,0.3060322785170955
121,-6.122601205222082,-0.32206879810869044,-0.3237994721746586,0.5049976587551107,0.5049976587551072,7.035109207354412e-15,187.786689020107,-69.11644418009666,0.9485828159922716,-0.3165297303907531
122,6.455828440186416,0.30569362035385395,0.30735492207124077,0.5049973971762659,0.5049973971762728,1.363053114959595e-14,188.78496547236563,66.34752839168205,0.953638438433947,0.30095471208233215
123,2.3734627599075426,0.7938953495978125,0.7975081265518664,0.5049996479543423,0.5049996479543412,2.1984629674940552e-15,138.52715653946885,144.28704309098487,0.7010730349598514,0.7130897284903647
124,-5.172786665654825,-0.3799494595711513,-0.3819274574133869,0.5049983284809485,0.5049983284809485,0.0,183.82493307681247,-78.9812650683908,0.9286835483510134,-0.3708736007145551
125,1.703790944833211,1.0571218636282447,1.0615022869462032,0.5049998185784006,0.5049998185784107,2.0006006244773417e-14,96.79414154471837,175.02952081457045,0.4913808587799767,0.8709449142222142
126,-5.6339963371338895,-0.3494813027894436,-0.35132886861152296,0.5049980173102709,0.5049980173102754,8.793880265419222e-15,185.99002429398806,-73.77883172968178,0.9395506731782689,-0.3424105939151342
127,4.61287895854802,0.42479237163802097,0.4269621055826508,0.5049986706145998,0.5049986706146132,2.6601453389204267e-14,180.32452645374264,86.62957981092016,0.9111243421668674,0.41213162413562393
128,-3.076266737493758,-0.6255935963347552,-0.6285892280927091,0.5049994086413631,0.5049994086413572,1.1651859249387987e-14,160.32704743087302,-119.61321635670006,0.810615797752071,-0.5855786504249352
129,-2.615710074207894,-0.7269423929793434,-0.7303198858854381,0.5049995724336507,0.5049995724336563,1.1212162810954098e-14,147.7053201999785,-134.87361205329913,0.7472099836733797,-0.6645881086287571
130,6.141037491851775,0.321117566775222,0.32284420254506,0.5049976446440142,0.5049976446440173,6.155720728443768e-15,187.84250547756858,68.95393998111533,0.9488833793058855,0.3156272322025873
131,3.3354612490968156,0.5797483909680126,0.5825623957074815,0.5049993048136531,0.5049993048136496,6.815239830098349e-15,165.49439702283078,112.35412569581105,0.8366005488243565,0.5478134825204474
132,-7.695869512051306,-0.2569729640739672,-0.2584316732415031,0.5049963024551277,0.504996302455131,6.59543259561078e-15,191.4850337284433,-58.2761411575792,0.9671639466015761,-0.2541541352607256
133,6.106770640518619,0.3228900419385843,0.32462421005888287,0.5049976708380316,0.5049976708380244,1.429006523552473e-14,187.73018588780963,69.25405470446687,0.9483224306927344,0.3173086020792967
134,4.728948090124892,0.41466046779569454,0.4167869676194559,0.5049986029014062,0.5049986029014022,7.914483061314296e-15,181.15241392785722,84.90709356898456,0.9152533379469178,0.40287927238619736
135,-6.15799176533554,-0.32024770457276314,-0.3219706415276075,0.5049976316299051,0.5049976316299024,5.276332188926224e-15,187.90209007682594,-68.80827069816175,0.9491576975969573,-0.31480175660620197
136,1.3052765140548632,1.3026456968367377,1.3074781770084043,0.5049998935192279,0.5049998935192128,2.98990818189692e-14,51.73140079828239,193.19945689654796,0.26494862023536003,0.9642625610587079
137,7.83314431401223,0.25251105345674363,0.2539516414616801,0.5049961695219041,0.5049961695219136,1.8906911751064695e-14,191.70317951522358,57.55263351225519,0.9682881869027562,0.24983618405371733
138,-5.567480947889259,-0.3535738460564656,-0.3554389159975506,0.5049980638224594,0.5049980638224518,1.4949595074299583e-14,185.7070806667671,-74.4760700703529,0.9381414169176044,-0.34625284465997125
139,7.081622041397418,0.2790166538590324,0.28056611693210726,0.5049968686084711,0.5049968686084707,8.793900268604818e-16,190.32277842562664,61.89207461235961,0.9613269211342047,0.2754105206003675
140,2.3503271038422415,0.8009053466568208,0.8045419073969412,0.5049996547834122,0.5049996547834125,4.3969258755288324e-16,137.5244763215871,145.23387752618098,0.6960569826144232,0.7179865730193962
141,5.592358052819287,0.35203216901810047,0.3538906457997524,0.5049980464911688,0.5049980464911724,7.254950799749454e-15,185.8116887712017,74.21251458000832,0.938674076652179,0.3448061097248727
142,5.61538697598845,0.35061682479625533,0.35246925035080323,0.5049980303787533,0.5049980303787545,2.1984700094621728e-15,185.90659419038744,73.97033684796139,0.9391611048431864,0.3434771992991932
143,7.748318301712647,0.25524984378042803,0.2567015483436997,0.5049962519413178,0.5049962519413166,2.418325526957742e-15,191.56526000314403,57.99511508441759,0.9676002825062003,0.2524871755826489
144,-6.057859633482341,-0.325453815225723,-0.3271988814460582,0.5049977079730215,0.5049977079730202,2.4183185543347355e-15,187.57202007042707,-69.69025263613688,0.9475059165748086,-0.3197388770688306
145,5.5167879529107156,0.3567570487057809,0.35863573594237375,0.5049980989004714,0.5049980989004725,2.1984697111581942e-15,185.4891848985812,75.02023299799002,0.9370345330779221,0.34923740206835785
146,-4.155682678226071,-0.4699282392852209,-0.47228939147463717,0.5049989209932196,0.5049989209932099,1.934650196377856e-14,176.44332897995866,-94.27218812380008,0.8916009091957383,-0.4528223675370593
147,4.624664699260661,0.4237414008888456,0.4259066513341999,0.5049986638155838,0.5049986638155886,9.453409182942977e-15,180.41499988489363,86.45273187670757,0.9115570864319963,0.41117388095050594
148,-5.782980689710154,-0.3406460536210337,-0.34245587021659646,0.5049979111306385,0.5049979111306464,1.5609140753058396e-14,186.5846507808708,-72.27306325074292,0.9425392409112943,-0.3340961714915611
149,-5.313248120918759,-0.37012922233172807,-0.37206515982898036,0.5049982365205472,0.5049982365205519,9.233570270568526e-15,184.54166510005598,-77.3035423611706,0.9322807972133992,-0.36173597947530967
150,-1.2758409353720646,-1.324705669667031,-1.3295650742812648,0.5049998982674742,0.504999898267475,1.758769502226117e-15,47.48617692899763,-194.28814379118788,0.24361428565139756,-0.9698722744877384
151,7.275033344761405,0.2716816980093585,0.27320077126126613,0.504996695397124,0.5049966953971301,1.2091617016694515e-14,190.71194158866737,60.67856263291447,0.963320972418978,0.2683518304592797
152,-7.574975194994709,-0.26103403512135603,-0.2625093212254424,0.5049964175882083,0.5049964175882148,1.2751166777734911e-14,191.27744933476734,-58.93634906187782,0.9661238225454122,-0.2580797465630196
153,-3.0316463223241326,-0.6342022255885045,-0.6372313891325421,0.504999425669008,0.5049994256690027,1.0552626888913704e-14,159.31301211902914,-120.94945950627171,0.8055446729807606,-0.5925350680855096
154,5.964042601341342,0.3304859102748609,0.33225239709455306,0.5049977783688119,0.5049977783688147,5.4961777664214505e-15,187.24953256974302,70.54455102135164,0.94588497385951,0.3245027496919857
155,2.678003640285899,0.7114353233809404,0.7147563046485151,0.5049995518287959,0.5049995518288034,1.4949551024572967e-14,149.7387615416074,132.61459231889134,0.7574255575545513,0.6529216408641978
156,-6.565463116284182,-0.30066088215681536,-0.3023009554756025,0.5049973080938485,0.5049973080938492,1.5389312077148405e-15,189.08624365808768,-65.5019941962562,0.9551410368815051,-0.2961515256466359
157,4.263643244894767,0.4584415997424297,0.46075425307642626,0.5049988642212577,0.5049988642212577,0.0,177.46478734849396,92.33511336417197,0.8967433333518061,0.44255119718191954
158,-6.502937256471781,-0.3035108040464948,-0.30516288983448103,0.5049973590817491,0.5049973590817531,7.914502554861005e-15,188.91903738752322,-65.98142555685467,0.9542931891360783,-0.2988724087456751
159,-6.826119443782739,-0.2893303527939103,-0.29092283864384405,0.5049970902977161,0.5049970902977156,1.0992370510200715e-15,189.74653009507273,-63.60658944507358,0.9584353240292621,-0.28531052817818603
160,7.017925449144543,0.28151900683611014,0.28307888617029897,0.5049969246348394,0.504996924634836,6.595424469730898e-15,190.17789458167422,62.30489163882383,0.9606345603620999,0.277815183804315
161,-2.668048969694598,-0.7138707499700886,-0.7172006535291227,0.5049995551540418,0.5049995551540524,2.0885402029159733e-14,149.42455245187043,-132.97368217704792,0.7558332373629034,-0.654764415277487
162,7.658051653490103,0.25822979665712165,0.2596936277739837,0.504996338665845,0.5049963386658459,1.7587818993829002e-15,191.42177073432242,58.48032086513808,0.9668437654358196,0.2553695004916726
163,3.863436542710214,0.50405247572453,0.5065566246955953,0.5049990673771305,0.504999067377132,2.858005143472597e-15,173.26087865685878,99.97872921620942,0.8756325091114211,0.4829779787991157
164,1.6232838495566513,1.0997750641024922,1.1042534656412288,0.5049998353174829,0.5049998353174784,9.013694822497215e-15,89.31444456896311,178.96093505078736,0.4537966156312568,0.8911053882806492
165,-5.968403884097244,-0.33024857355719384,-0.3320140483799766,0.5049977751206003,0.5049977751205929,1.4729756508753204e-14,187.26617845788954,-70.5046866282135,0.9459619966521385,-0.32427825863770415
166,4.888383740688784,0.4014950297818127,0.40356526480577426,0.5049985071503715,0.5049985071503722,1.31908076032538e-15,182.18536189051866,82.6587017380256,0.9204777769298627,0.3907949219423175
167,7.290342661678622,0.2711174141867921,0.27263415287641407,0.5049966814881744,0.5049966814881608,2.704125334575927e-14,190.74595557847684,60.586771920070355,0.9634723430469038,0.26780822839928103
168,-7.195556360984134,-0.2746490009542428,-0.2761803414567372,0.5049967671361688,0.5049967671361686,4.3969510178103485e-16,190.56110468205952,-61.170089728962274,0.9625206634949817,-0.2712091697684683
169,-4.5241136609780375,-0.43287573738526114,-0.4350799019285457,0.5049987212654399,0.5049987212654317,1.6268655812908105e-14,179.6587969839063,-88.0052527265572,0.907763280519904,-0.41948306747159203
170,-7.810079156813728,-0.25324997574185704,-0.25469355500342383,0.5049961920211055,0.5049961920211008,9.233607653086575e-15,191.67054685203695,-57.67301981816016,0.968103416991374,-0.2505516324030286
171,4.335436792461927,0.4511034995060811,0.45338508474474437,0.5049988256630884,0.5049988256631015,2.5941905257650986e-14,178.1073399014522,91.09551527890297,0.8999666723311766,0.43595896160342795
172,5.751946799868876,0.3424498400114834,0.34426735908377254,0.5049979334761134,0.504997933476113,8.793881725281717e-16,186.46414562464807,72.58018067279312,0.941935063339913,0.33579576421851065
173,-4.070353120269134,-0.4794142411781914,-0.4818153145183366,0.5049989648356507,0.50499896483565,1.3190795648301652e-15,175.58176166808943,-95.86661075665809,0.8872654166714578,-0.4612596117512174
174,7.740980402418121,0.2554895446136613,0.2569422157685667,0.504996259029052,0.5049962590290672,3.0119144776653925e-14,191.56111322035215,58.03599539997609,0.9675399305014459,0.2527191544234263
175,3.277765758997073,0.5893797635580705,0.5922323385819984,0.5049993286509639,0.5049993286509642,6.595393072646043e-16,164.43543477552413,113.89403204632823,0.8312856008107292,0.5558455403737386
176,1.7643843079842252,1.0269479547118476,1.0312543611130573,0.5049998054456069,0.5049998054456056,2.4183085100598354e-15,101.97967560543516,172.06251141009056,0.5174330312071115,0.8557238686038384
177,-5.29031545138791,-0.37169815804387624,-0.37364081374654423,0.5049982517025424,0.5049982517025476,1.0332804515948713e-14,184.4301436536853,-77.57226163547773,0.9317121509903799,-0.3631982384613454
178,-7.969563489210661,-0.24822674872911796,-0.24965001842891033,0.5049960350997336,0.504996035099729,9.013762652738783e-15,191.91772765881979,-56.86385426330069,0.9693497524721015,-0.24568548273640026
179,-7.556085343863631,-0.26168010847805845,-0.26315804279003857,0.5049964354139012,0.5049964354138967,8.79390781216271e-15,191.23956467240748,-59.04042363056073,0.9659567663770687,-0.2587038484248526
180,6.926309352056152,0.2851972491784263,0.2867724596676757,0.5049970043342786,0.5049970043342883,1.9126727943608166e-14,189.97772720801018,62.91739656590496,0.9596063053331025,0.2813467762418635
181,7.5523520371806,0.26180817126365546,0.26328663069882113,0.5049964389316474,0.5049964389316453,4.1771061816800525e-15,191.23204731921854,59.06106107533284,0.9659236051424067,0.25882754326014257
182,7.563545681804188,0.26142457019350346,0.26290145686770083,0.5049964283791358,0.5049964283791378,3.9572585705991235e-15,191.2545570278168,58.99925136068057,0.9660228894644495,0.2584570133232994
183,-5.772973278531274,-0.341225656714019,-0.3430379503640994,0.5049979183494231,0.5049979183494251,3.957246894912007e-15,186.54296202251084,-72.37065945031885,0.9423453616224265,-0.3346423863715675
184,-4.515581585378904,-0.43366867167527184,-0.43587621285497324,0.5049987260822095,0.5049987260821979,2.3083903298137088e-14,179.58932841774006,-88.13845211786423,0.9074302923661606,-0.4202026949680435
185,-7.033192201772641,-0.28091520035329703,-0.2824725624372455,0.5049969112524335,0.5049969112524327,1.5389324170522133e-15,190.21526781799307,-62.205877242200536,0.9608022321581785,-0.2772351247658509
186,6.513900945435444,0.3030072195963389,0.3046571786765918,0.5049973501763636,0.5049973501763602,6.815266209092029e-15,188.95205643126636,65.89770935588857,0.9544436526736496,0.29839182774671463
187,-4.906187951526013,-0.40007581788084995,-0.4021399777649392,0.5049984962611278,0.504998496261128,4.3969359625620567e-16,182.30188042588512,-82.4191315818248,0.9210316285541207,-0.3894882426194432
188,2.504446064286791,0.7563056733279175,0.7597881313857484,0.5049996080304663,0.5049996080304748,1.6928166187998244e-14,143.76233914714223,139.07489768363408,0.727376303373021,0.6862391046923766
189,6.9179359438708605,0.285538184079883,0.28711481997633853,0.5049970115664995,0.5049970115664966,5.716033556458569e-15,189.95639015861184,62.97347322814492,0.9595102728889299,0.2816739068022628
190,-4.120904984355089,-0.4737496415337634,-0.47612688867316616,0.5049989389717118,0.5049989389717082,7.03509137273556e-15,176.1015399095644,-94.91680237536869,0.889864083948627,-0.4562262684017097
191,-7.7441486521455944,-0.25538598986797395,-0.25683824891289675,0.5049962559696349,0.5049962559696343,1.3190866405456045e-15,191.5574100431893,-58.01689862707542,0.9675658733131348,-0.2526189016857661
192,-3.9511864239254018,-0.4933074961414337,-0.49576680884512103,0.5049990245433942,0.5049990245433851,1.8027418587902636e-14,174.2849055411623,-98.18931317310745,0.8807714836717875,-0.47354164357494527
193,2.8417984079157046,0.6735349942031413,0.6767148589251102,0.5049994953377785,0.5049994953377868,1.6268630876018922e-14,154.55668724060908,126.97574112001321,0.7816217148804427,0.6237530050346028
194,7.2961245088034765,0.27090490633925424,0.27242076612705185,0.5049966762276258,0.5049966762276177,1.6048874104095102e-14,190.75875177486208,60.552215212540176,0.9635292693786155,0.2676034871230404
195,-3.1657345411154574,-0.6089963780544437,-0.6119268385478186,0.5049993737504771,0.5049993737504769,4.3969283224249054e-16,162.23995749114783,-117.00997311575924,0.8202227069614091,-0.572044666335898
196,-3.417360771861213,-0.5665903863165836,-0.5693513620336546,0.5049992702626208,0.504999270262617,7.474779679904289e-15,166.91774986615047,-110.23810340755973,0.8437361357081669,-0.5367584374751948
197,6.201665337589072,0.3180282993370228,0.31974181925105166,0.5049975979412653,0.504997597941271,1.1212206649440031e-14,188.03454699118691,68.43053488064017,0.9498538788360811,0.31269436702166253
198,-7.483537272131967,-0.2641912003550102,-0.2656794247379106,0.5049965034630226,0.5049965034630165,1.2091621612357317e-14,191.1109881506749,-59.45078779113135,0.9653041258441553,-0.26112864545489706
199,-3.573892827059038,-0.5429943707422558,-0.5456593310529542,0.5049992018967601,0.5049992018967574,5.276315782465538e-15,169.39267729473985,-106.40401032002521,0.8561654808358449,-0.5167020749022848
200,-4.475838932242875,-0.4374001559180484,-0.43962356818087184,0.504998748399224,0.5049987483992256,3.297700325429745e-15,179.27912193886104,-88.77341781038972,0.9058560760918766,-0.423585859666581
201,-7.0575887127173305,-0.27995561266582697,-0.28150898532997964,0.5049968898069965,0.5049968898069835,2.572215720591625e-14,190.26492870081873,-62.04584698228096,0.9610677412657522,-0.27631300030144323
202,-7.886947106541711,-0.25080394560894365,-0.25223762022729557,0.5049961167825859,0.5049961167825912,1.0332848198879799e-14,191.79091700542114,-57.278210285287194,0.9687133509449891,-0.24818286839780448
203,5.672058763835167,0.34718126245740455,0.3490190011539624,0.5049979904464774,0.5049979904464689,1.69282204114429e-14,186.13954366059474,73.38420898341822,0.9403355773779132,0.34024862485153073
204,3.0697664060384526,0.626833619713013,0.6298340943218467,0.5049994111374323,0.5049994111374339,3.0778495978329433e-15,160.17936064735028,119.80445796760013,0.8098889671981,0.5865833272360782
205,1.0669762609345386,1.5010231403837844,1.5060129654549688,0.5049999288491225,0.5049999288491133,1.8247232480584957e-14,12.879575600602612,199.59688284229094,0.06971660336673183,0.997567066791882
206,3.858830381401471,0.5046291658131145,0.5071357120615542,0.5049990695990138,0.5049990695990133,8.793861941224652e-16,173.21224654070562,100.07836797113958,0.8753540054571811,0.4834829612470394
207,2.9417114718970514,0.6522672617493318,0.6553661564998677,0.5049994592335921,0.5049994592335976,1.0772472566444674e-14,157.16203648031922,123.74011348427082,0.7947097799961661,0.6069898878145067
208,-6.591717563944898,-0.2994799536278394,-0.3011150556972013,0.5049972865391826,0.50499728653918,5.276335794516462e-15,189.15348910885228,-65.30304889261326,0.955490048909008,-0.29502334891771786
209,-2.831399330731866,-0.6758254363083432,-0.6790139450843025,0.5049994990239175,0.5049994990239262,1.7148016203608318e-14,154.2747433369612,-127.32353168962487,0.7801910653811479,-0.6255416824483352
210,5.703379098465694,0.3453109694941115,0.34714071521555384,0.5049979682058063,0.5049979682058006,1.1432045456662168e-14,186.26634222566182,73.06558795084717,0.9409703088507899,0.33848933204273646
211,-6.671523834345045,-0.29594604881823255,-0.2975662845458724,0.5049972204925256,0.5049972204925356,1.9786261817205982e-14,189.36279534171467,-64.71143946389445,0.9565267394400653,-0.2916449256088987
212,6.1070601632727115,0.3228749851206348,0.3246090891725209,0.5049976706173289,0.5049976706173296,1.3190829453941557e-15,187.73122283857492,69.25153142939634,0.9483272103921405,0.31729432404416763
213,3.6035673704439986,0.5387355729609413,0.5413830858383912,0.5049991885914458,0.5049991885914394,1.2531250313518994e-14,169.82487607385383,105.70460450619254,0.8583581348089537,0.5130511018675354
214,-7.177251461675231,-0.27534154509664394,-0.27687575928992286,0.5049967835476749,0.504996783547674,1.7587803499668738e-15,190.51894926520436,-61.28309810596112,0.9623324905266474,-0.271875659432282
215,6.771794777827171,0.29162142084416076,0.2932235077794363,0.5049971363866822,0.5049971363866761,1.2091606457670588e-14,189.61078288117824,63.987571063313545,0.9577790150712675,0.2875055795015492
216,6.881876942347617,0.28701566519665384,0.2885984732906322,0.5049970426115241,0.5049970426115217,4.836643481206015e-15,189.87329472524473,63.2194615088997,0.959093056534255,0.2830912567586376
217,-2.9334163805669866,-0.6539835713641213,-0.6570890480407595,0.5049994622785269,0.5049994622785192,1.5169400053120244e-14,156.95051592025146,-124.00005198916439,0.7936667284945919,-0.6083528853345523
218,-2.852946719220229,-0.671096055565074,-0.6742666994046407,0.5049994913710601,0.5049994913710699,1.9346480112635738e-14,154.8565301940151,-126.60519468594465,0.783140622730564,-0.6218447757250415
219,7.705979018052467,0.25663903307894326,0.2580963896493121,0.5049962927451622,0.5049962927451607,3.0778686037989915e-15,191.49469567750174,58.22007990535377,0.9672485825012389,0.25383110780974033
220,5.059210398504886,0.388274110303318,0.3902877593888785,0.5049984010417115,0.5049984010417319,4.0451818482917487e-14,183.20215641248754,80.40288098381501,0.9255639642081375,0.37859160730873376
221,-4.408568826845613,-0.44386215879463614,-0.44611302665859337,0.5049987857250385,0.5049987857250359,5.2763201307005926e-15,178.7320837826547,-89.87000432996022,0.9031000056815212,-0.4294306370168762
222,5.603323379134944,0.3513568437824484,0.3532124297620762,0.5049980388274075,0.5049980388274157,1.6268677797843905e-14,185.8614958617958,74.09859432847682,0.9389068063849965,0.344172152940159
223,-6.519784778938518,-0.3027376452852559,-0.304386466121318,0.5049973453909845,0.5049973453909711,2.6601523197242968e-14,188.9697146283583,-65.85290319555355,0.9545240980647681,-0.2981345363173295
224,7.821188057881254,0.25289355739477043,0.2543356887756191,0.5049961811930307,0.5049961811930301,1.0992390298895972e-15,191.69096882888405,57.6161431406122,0.9681927229832386,0.2502065838064326
225,4.302435004010055,0.4544477865697075,0.4567435406099412,0.504998843467209,0.5049988434672145,1.0772485701774696e-14,177.81233645700596,91.65911656684538,0.8985035743563459,0.43896621803019636
226,-7.694578439956391,-0.25701567084710136,-0.25847455426923177,0.5049963036942612,0.5049963036942654,8.354214600607854e-15,191.4825596706583,-58.282987873382716,0.9671530838031652,-0.2541954374266002
227,1.3545451546086753,1.2670997046581496,1.2718839266760207,0.504999885329409,0.5049998853294205,2.2864004114713848e-14,58.51975896117336,191.26016867995529,0.29904975690980434,0.9542377273411219
228,5.970249173890071,0.33014824877530763,0.33191330331808655,0.504997773745546,0.5049977737455539,1.5609144999538988e-14,187.26375155333514,70.48459562197766,0.9459943028296876,0.32418327742657355
229,6.376983093098897,0.3094174028617261,0.3110944368641861,0.5049974603167231,0.5049974603167254,4.616792231490796e-15,188.56671713305747,66.97691366110323,0.9525112919283991,0.30450380820438927
230,-2.645932631249428,-0.7193390446393019,-0.7226889204853133,0.5049995624974611,0.5049995624974606,1.0992316697608409e-15,148.70646264429922,-133.76926734977593,0.7522414276409849,-0.6588876520370365
231,-3.032597782895785,-0.6340162730247382,-0.6370447141071508,0.5049994253085143,0.5049994253085139,6.595391810279184e-16,159.33538602728314,-120.92092970877287,0.8056548536991467,-0.5923852730028791
232,-5.193124094070386,-0.3784958637395847,-0.3804676375118628,0.5049983153182125,0.5049983153182261,2.704116585871101e-14,183.9296548396584,-78.73192815859143,0.929221608028207,-0.36952325524595714
233,-7.864304444712694,-0.25151957056047347,-0.25295614570031666,0.5049961390214806,0.5049961390214869,1.2531325987215543e-14,191.7501342273941,-57.392134644160116,0.9685353629045907,-0.24887600576146307
234,-6.184473523970433,-0.31889831048085127,-0.3206155193678482,0.5049976112309084,0.5049976112309179,1.8906857774047163e-14,187.98477598850005,-68.57924308306816,0.9495815827715217,-0.3135206686722727
235,7.728533520469033,0.25589714290165816,0.25735147478597686,0.5049962710363045,0.5049962710363118,1.450995261309416e-14,191.5375863093701,58.101243116468666,0.9674367672655874,0.2531134814236069
236,7.178301217581141,0.27530173521661033,0.2768357841774503,0.5049967826076275,0.5049967826076167,2.1325211783045053e-14,190.52137462119128,61.27660030002474,0.9623433198675853,0.2718373507871095
237,5.481384596901575,0.35901395405216935,0.36090230142189805,0.5049981232086641,0.5049981232086663,4.396939210668769e-15,185.32972317274712,75.40473360396713,0.9362438987359168,0.35135128926364706
238,-7.090745369129182,-0.2786618389233844,-0.2802098342191621,0.5049968605424674,0.504996860542478,2.1105360981754487e-14,190.33498649830963,-61.831245397773976,0.9614243999774857,-0.2750693585057277
239,-1.1777499643527773,-1.4029795137925982,-1.4079155410207718,0.5049999133088185,0.5049999133088272,1.7148002135954032e-14,32.246175546525656,-197.39494693460767,0.16703026507859212,-0.9859519713101333
240,2.684758796207883,0.7097917052995208,0.7131066527694423,0.5049995495652626,0.5049995495652592,6.81523652704408e-15,149.95543260856627,132.3762653459636,0.7584977704659721,0.651675912178556
241,-7.288763557612117,-0.2711755105835215,-0.2726924895790101,0.5049966829241824,0.5049966829241868,8.574055914518105e-15,190.74245601941303,-60.59622028830519,0.9634567726902112,-0.2678641994280643
242,7.144724583966065,0.2765807536957257,0.2781201048887677,0.504996812607348,0.5049968126073446,6.595425932846782e-15,190.45294386787776,61.4881938114883,0.9619948710360071,0.2730679895818878
243,3.8834066617288676,0.501567084990524,0.5040608751147224,0.5049990577134819,0.5049990577134829,1.9786189833438287e-15,173.50757573630608,99.569886710985,0.8768304009631915,0.48080031475806806
244,-5.838369755393166,-0.3374729465731968,-0.3392692216119198,0.5049978709505404,0.5049978709505507,2.044577754274373e-14,186.79300965138336,-71.73231866490742,0.9435945747762778,-0.3311037018374747
245,-6.235664244459102,-0.31632151933109,-0.3180277980446317,0.5049975715510701,0.5049975715510688,2.418319207628444e-15,188.14094626373563,-68.1419621943693,0.9503862068802739,-0.31107272444981227
246,-7.45441870994786,-0.26521257407042303,-0.2667049893810751,0.5049965305919873,0.5049965305919975,2.0006136502057835e-14,191.0601922895601,-59.618501463541115,0.9650369721438111,-0.26211446155293777
247,-6.220778189289806,-0.3170665813258975,-0.3187760161163322,0.5049975831234378,0.504997583123452,2.814044104390973e-14,188.09991483453965,-68.26966477652506,0.9501543031875438,-0.31178077686469696
248,-5.1528087041144,-0.3813881309927904,-0.38337228878930846,0.504998341360844,0.5049983413608471,6.1557122357540315e-15,183.72102112928857,-79.22809470218567,0.9281490838918341,-0.37220931166114546
249,4.909606172312388,0.3998044750713432,0.4018674733313081,0.5049984941659862,0.5049984941659876,2.858008387522664e-15,182.32411935850826,82.37332299413528,0.921137309756595,0.38923832576792033
250,5.234499308082031,0.3755722509113244,0.37753149937987834,0.504998288380356,0.5049982883803553,1.319081331763591e-15,184.14858085321688,78.23419996044504,0.9302980957016425,0.3668050419986796
251,6.466111882787318,0.30521448283239405,0.3068737590457193,0.5049973888841229,0.5049973888841174,1.0992364010815798e-14,188.81655732223163,66.26779257744452,0.9537826003911497,0.3004977765116137
252,7.453356812484608,0.2652499693307795,0.2667425385025693,0.5049965315793375,0.5049965315793383,1.538933574072507e-15,191.05797587919284,59.62454941788699,0.9650271630151288,0.26215054738140675
253,5.4024000437179875,0.3641522070759185,0.366062548794291,0.5049981768772285,0.5049981768772271,2.638163246031043e-15,184.97018508548496,76.28304729755071,0.9344262712402382,0.3561573091951515
254,-4.0062166863699575,-0.4867949727136636,-0.4892270196749348,0.5049989971910098,0.5049989971910132,6.595397401582728e-15,174.8998908606167,-97.10347127213245,0.8838368590468398,-0.4677956627802516
255,-3.916277012814058,-0.4975279959561848,-0.5000049398156642,0.5049990416989701,0.5049990416989671,5.935857138269171e-15,173.88875593393126,-98.89503837745679,0.8787651414397797,-0.4772547536436231
256,6.9143626145523855,0.2856839232694666,0.287261168580864,0.5049970146501763,0.504997014650176,6.595423294101461e-16,189.94726341134708,62.9974481103655,0.9594691879660091,0.2818137350676513
257,-7.23230659390725,-0.27326897065658595,-0.27479459856121896,0.5049967340615286,0.5049967340615318,6.375579393392025e-15,190.63524558597038,-60.94238873027647,0.9628940192998235,-0.2698806030237416
258,-2.638461216448039,-0.7212045093389103,-0.7245611756327748,0.504999564964434,0.5049995649644258,1.6268628632986582e-14,148.4654430461577,-134.04421229759618,0.751011083967477,-0.6602898691398296
259,2.1196997737633994,0.8777250841124865,0.8816109926682623,0.5049997192032102,0.5049997192032013,1.7587701258557042e-14,126.15066645130788,155.21267268291507,0.6389028789174545,0.7692874431644975
260,6.1761756827727785,0.3193199168328968,0.3210389175439262,0.5049976176321563,0.5049976176321621,1.1432053392885553e-14,187.9560083907902,68.64980708899742,0.949449255112605,0.3139209702667365
261,3.093306373006805,0.6223654635657848,0.625348473595724,0.5049994020732522,0.5049994020732441,1.6048787476758305e-14,160.70228471001974,119.10879522784124,0.8125018934390303,0.5829588262786689
262,7.267898055255849,0.2719455023845755,0.2734656583267389,0.5049967018697875,0.5049967018697958,1.6488568447790954e-14,190.70565527745003,60.72417470120672,0.9632503413828519,0.26860600374618954
263,-4.4759172761189125,-0.43739273803457224,-0.43961611873758893,0.5049987483554248,0.5049987483554164,1.6708348316959843e-14,179.27977699216584,-88.77217280352055,0.9058592189201662,-0.4235791404673772
264,3.0695008921501135,0.6268843709874458,0.6298850437195311,0.5049994112392752,0.5049994112392773,4.177081596216605e-15,160.17331114409367,119.81228168835105,0.809859193184426,0.5866244271184214
265,7.678663140226621,0.2575432850190652,0.2590043219034453,0.5049963189523013,0.5049963189522974,7.914518856182148e-15,191.45197024311761,58.36760091116695,0.9670187356652734,0.25470566030102393
266,3.286738097928398,0.5878616286940401,0.5907081362393413,0.504999324971266,0.5049993249712558,2.0225872236824495e-14,164.6072777215237,113.65446514989581,0.8321285935322985,0.554582964978983
267,4.289627635243343,0.45575879629749605,0.4580600979236391,0.504998850340059,0.5049988503400527,1.2531258707028789e-14,177.70163451550386,91.88260159807193,0.8979274128063552,0.44014383611540114
268,3.1690462198418214,0.6083983822780995,0.611326481252934,0.5049993724397979,0.5049993724397962,3.297696250377545e-15,162.3095447712796,116.91672166951012,0.8205646790005022,0.5715541011307559
269,-2.759074402524582,-0.6921787953408446,-0.6954285988151966,0.504999524287177,0.5049995242871762,1.5389244541063485e-15,152.2141770901302,-129.7702910383556,0.7698573912659803,-0.6382161318821714
270,-1.264193830647837,-1.3336104460462361,-1.338480059119905,0.5049999001163655,0.5049999001163572,1.6488464023002748e-14,45.76526484630399,-194.69939087208286,0.23496823841165335,-0.9720030947440239
271,-1.944596959326426,-0.9458688601400134,-0.9499577142645552,0.5049997636756725,0.5049997636756617,2.1325085898020998e-14,115.43310436470135,-163.34223137745033,0.5850385118540873,-0.8110056428257293
272,-3.3739285369077705,-0.5734950413766857,-0.5762838919743967,0.5049992886897068,0.5049992886897063,8.793858126064214e-16,166.1735055734517,-111.34976143593867,0.8400098541494784,-0.5425712601737313
273,-1.9113079827653185,-0.9599442495909695,-0.9640727763464662,0.5049997716969998,0.5049997716970063,1.2751082087002384e-14,113.15171202938953,-164.93424442370426,0.5735657616006257,-0.8191597446626727
274,-6.1591735060050405,-0.3201872476531825,-0.3219099275722377,0.5049976307214665,0.5049976307214709,8.574039822428925e-15,187.9062266177068,-68.79814790390246,0.9491767365153279,-0.3147443757680532
275,6.606477963595166,0.2988200614499481,0.30045238231534344,0.504997274383374,0.5049972743833715,5.056488591459869e-15,189.19630237281447,65.19358440476894,0.9556846269522407,0.2943927958919717
276,5.034276673271126,0.3901500397167877,0.3921717202440357,0.5049984167559647,0.504998416755954,2.1105295943040433e-14,183.06108382815185,80.72359897031063,0.9248521398183399,0.38032723893199555
277,4.530113953389379,0.4323198020845917,0.43452159888825975,0.504998717872547,0.5049987178725494,4.616780734681491e-15,179.70743948565934,87.91185078653393,0.9079964021005719,0.4189783710584463
278,5.693289700179253,0.3459112832592132,0.3477435894142764,0.50499797538366,0.5049979753836655,1.09923512443955e-14,186.23209707675576,73.17014550141525,0.9407670950444953,0.33905420450238416
279,7.485423506219023,0.2641253077879562,0.26561326133617674,0.5049965017020379,0.5049965017020347,6.375582326929931e-15,191.11488202091505,59.44014252868936,0.9653213418931207,0.2610650416875131
280,7.3830644863712,0.26774885104649276,0.26925169531487464,0.5049965966254683,0.5049965966254657,5.056495377792968e-15,190.92864457901624,60.03446225282772,0.964369108970901,0.2645612265006767
281,-1.738256368696944,-1.0397647713618003,-1.0441030881991515,0.5049998111647479,0.5049998111647458,4.177078288252335e-15,99.78747342971731,-173.34025516014165,0.5064231485128585,-0.8622851992953572
282,3.4380988368251444,0.5633502773850482,0.5660981371283978,0.504999261380974,0.5049992613809635,2.0665567713778158e-14,167.2638152201376,109.71475364397597,0.8454708803956783,0.5340218408947826
283,-3.9169484976069375,-0.49744614799011533,-0.49992275000704667,0.5049990413704158,0.5049990413704244,1.692818518311451e-14,173.8968078833332,-98.88154694803688,0.8788042077872364,-0.4771828306848993
284,-4.018514397050669,-0.48536256623113155,-0.48778861038775234,0.5049989910268677,0.5049989910268572,2.0885425359944616e-14,175.02924717408618,-96.86170777523846,0.8845059302368268,-0.4665291193408278
285,6.05525239346815,0.32559161010660453,0.32733726311746203,0.5049977099441713,0.5049977099441715,4.396942808900636e-16,187.56246861074663,69.71336474280581,0.947461829711394,0.3198694289186311
286,5.175589786543994,0.3797484560475625,0.3817255923342203,0.5049983266697827,0.5049983266697836,1.7587749756662126e-15,183.84072020561626,78.9472982161085,0.9287581003234889,0.3706869340704355
287,-1.841181725247162,-0.9908930517791054,-0.9951060207560776,0.5049997881415819,0.5049997881415834,3.0778473000853056e-15,108.05387627708815,-168.32030995194106,0.547943163561419,-0.8365158614918156
288,-4.905904740901283,-0.4000983157954227,-0.4021625719920958,0.5049984964346518,0.5049984964346466,1.0332799508470351e-14,182.30003596809942,-82.42292965620678,0.9210228631387567,-0.3895089627506632
289,-5.799935385911586,-0.3396685068884738,-0.3414741535964932,0.5049978988720091,0.5049978988720134,8.574035269670516e-15,186.64540538189496,-72.10515102983932,0.9428652813370509,-0.33317459917349973
290,-2.594529593223383,-0.732363083222094,-0.7357601549589627,0.504999579329107,0.504999579329111,7.91446775848868e-15,146.99068922672186,-135.66057099333784,0.7435966091040055,-0.6686288193053133
291,-7.306365909535375,-0.27052930055614965,-0.27204360728089705,0.5049966668994075,0.5049966668994067,1.538933161696322e-15,190.78135103502362,-60.491151940474715,0.9636297798342404,-0.26724157911757374
292,1.887476883871799,0.9702599523593567,0.9744170540110311,0.5049997773543106,0.5049997773543092,2.638154884998022e-15,111.46431401403169,166.07972233884772,0.5650851942434691,0.8250328016400073
293,7.694716963599211,0.25701108801341993,0.25846995273602524,0.5049963035613201,0.5049963035613103,1.9346602238079635e-14,191.4828251740193,58.282253141795024,0.9671542495668017,0.25419100534254957
294,2.5629012418969763,0.740602812192316,0.7440294733493721,0.5049995895216298,0.5049995895216289,1.7587705774998127e-15,145.88849001836752,136.84308045292667,0.7380620898808253,0.6747330696926501
295,7.3503675530109875,0.2689272068100579,0.2704349040054491,0.5049966266729263,0.504996626672919,1.4509942394668418e-14,190.8678472076814,60.228263419695935,0.9640567269421464,0.2656974220158213
296,7.602245584390548,0.26010688361219875,0.2615783819246913,0.5049963917759255,0.5049963917759196,1.1651928857987227e-14,191.32203464009768,58.78454599050727,0.9663626124116163,0.2571838729448404
297,7.918183559844725,0.24982331036620525,0.25125302430632407,0.504996085998693,0.5049960859986931,2.198478474203521e-16,191.83698030244176,57.119788557313186,0.9689562048608942,0.24723278018832645
298,-7.167925074067222,-0.2756957315711752,-0.27723141605621765,0.5049967918933613,0.5049967918933556,1.1432072085855775e-14,190.49735964103866,-61.34091775345119,0.9622360753367686,-0.27221647050796505
299,-7.0669436975380115,-0.27958937857294647,-0.28114122601071356,0.5049968815639944,0.5049968815639876,1.3410697565575453e-14,190.2875096901742,-61.98585658008713,0.9611689332331296,-0.2759610235720947
300,6.419369816790131,0.30740443063799167,0.30907295202150975,0.5049974264689803,0.5049974264689788,2.8580144301019686e-15,188.690916286197,66.63841833187196,0.9531223839021371,0.30258583426746716
